arm,step,scope,class,n_trits,c_neg,c_zero,c_pos,p_neg,p_zero,p_pos,bits_per_trit
moe,2000,class,attn.wk,3145728,1041561,1062322,1041845,0.331103325,0.337703069,0.331193606,1.584901
moe,2000,class,attn.wo,3145728,1048445,1048283,1049000,0.333291690,0.333240191,0.333468119,1.584962
moe,2000,class,attn.wq,3145728,1041769,1061584,1042375,0.331169446,0.337468465,0.331362089,1.584907
moe,2000,class,attn.wv,3145728,1056612,1030978,1058138,0.335887909,0.327739080,0.336373011,1.584860
moe,2000,class,ffn.down,50331648,17137482,16050198,17143968,0.340491176,0.318888783,0.340620041,1.584280
moe,2000,class,ffn.gate,50331648,17064676,16005360,17261612,0.339044650,0.317997932,0.342957417,1.584177
moe,2000,class,ffn.up,50331648,17141235,16045225,17145188,0.340565741,0.318789979,0.340644280,1.584271
moe,2000,pooled,ALL,163577856,55531780,52303950,55742126,0.339482259,0.319749575,0.340768166,1.584358
moe,3000,class,attn.wk,3145728,1035847,1074583,1035298,0.329286893,0.341600736,0.329112371,1.584741
moe,3000,class,attn.wo,3145728,1046872,1050522,1048334,0.332791646,0.333951950,0.333256404,1.584961
moe,3000,class,attn.wq,3145728,1035797,1073741,1036190,0.329270999,0.341333071,0.329395930,1.584756
moe,3000,class,attn.wv,3145728,1054106,1035759,1055863,0.335091273,0.329258919,0.335649808,1.584908
moe,3000,class,ffn.down,50331648,17093021,16145445,17093182,0.339607815,0.320781171,0.339611014,1.584448
moe,3000,class,ffn.gate,50331648,16983037,16156764,17191847,0.337422629,0.321006060,0.341571311,1.584448
moe,3000,class,ffn.up,50331648,17070237,16188494,17072917,0.339155138,0.321636478,0.339208384,1.584516
moe,3000,pooled,ALL,163577856,55318917,52725308,55533631,0.338180964,0.322325462,0.339493574,1.584565
moe,4000,class,attn.wk,3145728,1031687,1083116,1030925,0.327964465,0.344313304,0.327722232,1.584573
moe,4000,class,attn.wo,3145728,1047018,1052657,1046053,0.332838058,0.334630648,0.332531293,1.584957
moe,4000,class,attn.wq,3145728,1031118,1083795,1030815,0.327783585,0.344529152,0.327687263,1.584558
moe,4000,class,attn.wv,3145728,1052251,1040174,1053303,0.334501584,0.330662409,0.334836006,1.584939
moe,4000,class,ffn.down,50331648,17051262,16228481,17051905,0.338778138,0.322430948,0.338790913,1.584575
moe,4000,class,ffn.gate,50331648,16913396,16298261,17119991,0.336038987,0.323817352,0.340143661,1.584649
moe,4000,class,ffn.up,50331648,17006791,16313780,17011077,0.337894579,0.324125687,0.337979734,1.584686
moe,4000,pooled,ALL,163577856,55133523,53100264,55344069,0.337047595,0.324617679,0.338334725,1.584713
moe,5000,class,attn.wk,3145728,1028193,1090960,1026575,0.326853752,0.346806844,0.326339404,1.584377
moe,5000,class,attn.wo,3145728,1045822,1054945,1044961,0.332457860,0.335357984,0.332184156,1.584949
moe,5000,class,attn.wq,3145728,1026583,1092509,1026636,0.326341947,0.347299258,0.326358795,1.584334
moe,5000,class,attn.wv,3145728,1052147,1041554,1052027,0.334468524,0.331101100,0.334430377,1.584946
moe,5000,class,ffn.down,50331648,17016522,16294758,17020368,0.338087916,0.323747754,0.338164330,1.584663
moe,5000,class,ffn.gate,50331648,16851159,16424534,17055955,0.334802449,0.326326172,0.338871380,1.584785
moe,5000,class,ffn.up,50331648,16953095,16420819,16957734,0.336827735,0.326252361,0.336919904,1.584799
moe,5000,pooled,ALL,163577856,54973521,53420079,55184256,0.336069456,0.326572803,0.337357741,1.584812
moe,6000,class,attn.wk,3145728,1025637,1095534,1024557,0.326041222,0.348260880,0.325697899,1.584244
moe,6000,class,attn.wo,3145728,1044751,1056401,1044576,0.332117399,0.335820834,0.332061768,1.584942
moe,6000,class,attn.wq,3145728,1024532,1097002,1024194,0.325689952,0.348727544,0.325582504,1.584199
moe,6000,class,attn.wv,3145728,1052039,1042308,1051381,0.334434191,0.331340790,0.334225019,1.584950
moe,6000,class,ffn.down,50331648,16982019,16365369,16984260,0.337402403,0.325150669,0.337446928,1.584744
moe,6000,class,ffn.gate,50331648,16800736,16534660,16996252,0.333800634,0.328514179,0.337685188,1.584871
moe,6000,class,ffn.up,50331648,16908454,16511218,16911976,0.335940798,0.328048428,0.336010774,1.584872
moe,6000,pooled,ALL,163577856,54838168,53702492,55037196,0.335242002,0.328299278,0.336458720,1.584878
moe,7000,class,attn.wk,3145728,1022155,1101765,1021808,0.324934324,0.350241661,0.324824015,1.584042
moe,7000,class,attn.wo,3145728,1043934,1057725,1044069,0.331857681,0.336241722,0.331900597,1.584935
moe,7000,class,attn.wq,3145728,1020175,1105073,1020480,0.324304899,0.351293246,0.324401855,1.583924
moe,7000,class,attn.wv,3145728,1051575,1042684,1051469,0.334286690,0.331460317,0.334252993,1.584951
moe,7000,class,ffn.down,50331648,16953180,16420641,16957827,0.336829424,0.326248825,0.336921751,1.584799
moe,7000,class,ffn.gate,50331648,16752165,16630501,16948982,0.332835615,0.330418368,0.336746017,1.584918
moe,7000,class,ffn.up,50331648,16871289,16588337,16872022,0.335202396,0.329580645,0.335216959,1.584917
moe,7000,pooled,ALL,163577856,54714473,53946726,54916657,0.334485818,0.329792353,0.335721829,1.584920
moe,8000,class,attn.wk,3145728,1019682,1105476,1020570,0.324148178,0.351421356,0.324430466,1.583910
moe,8000,class,attn.wo,3145728,1043747,1058526,1043455,0.331798236,0.336496353,0.331705411,1.584930
moe,8000,class,attn.wq,3145728,1018155,1109090,1018483,0.323662758,0.352570216,0.323767026,1.583772
moe,8000,class,attn.wv,3145728,1050822,1044095,1050811,0.334047318,0.331908862,0.334043821,1.584956
moe,8000,class,ffn.down,50331648,16926674,16471995,16932979,0.336302797,0.327269137,0.336428066,1.584843
moe,8000,class,ffn.gate,50331648,16715323,16706031,16910294,0.332103630,0.331919014,0.335977356,1.584940
moe,8000,class,ffn.up,50331648,16841753,16649608,16840287,0.334615568,0.330797990,0.334586442,1.584942
moe,8000,pooled,ALL,163577856,54616156,54144821,54816879,0.333884777,0.331003366,0.335111856,1.584943
moe,9000,class,attn.wk,3145728,1018462,1109157,1018109,0.323760351,0.352591515,0.323648135,1.583770
moe,9000,class,attn.wo,3145728,1042873,1059403,1043452,0.331520398,0.336775144,0.331704458,1.584924
moe,9000,class,attn.wq,3145728,1017109,1112003,1016616,0.323330243,0.353496234,0.323173523,1.583656
moe,9000,class,attn.wv,3145728,1050668,1043991,1051069,0.333998362,0.331875801,0.334125837,1.584956
moe,9000,class,ffn.down,50331648,16908850,16509207,16913591,0.335948666,0.328008473,0.336042861,1.584870
moe,9000,class,ffn.gate,50331648,16684790,16762564,16884294,0.331496994,0.333042224,0.335460782,1.584945
moe,9000,class,ffn.up,50331648,16820913,16694029,16816706,0.334201515,0.331680556,0.334117929,1.584954
moe,9000,pooled,ALL,163577856,54543665,54290354,54743837,0.333441618,0.331893053,0.334665329,1.584954
moe,10000,class,attn.wk,3145728,1017759,1110242,1017727,0.323536873,0.352936427,0.323526700,1.583727
moe,10000,class,attn.wo,3145728,1042951,1060214,1042563,0.331545194,0.337032954,0.331421852,1.584918
moe,10000,class,attn.wq,3145728,1015893,1115143,1014692,0.322943687,0.354494413,0.322561900,1.583523
moe,10000,class,attn.wv,3145728,1050608,1044315,1050805,0.333979289,0.331978798,0.334041913,1.584957
moe,10000,class,ffn.down,50331648,16896945,16537142,16897561,0.335712135,0.328563492,0.335724374,1.584888
moe,10000,class,ffn.gate,50331648,16664930,16803260,16863458,0.331102411,0.333850781,0.335046808,1.584945
moe,10000,class,ffn.up,50331648,16806520,16720515,16804613,0.333915552,0.332206786,0.333877663,1.584958
moe,10000,pooled,ALL,163577856,54495606,54390831,54691419,0.333147819,0.332507299,0.334344882,1.584959
moe,11000,class,attn.wk,3145728,1017071,1111467,1017190,0.323318164,0.353325844,0.323355993,1.583677
moe,11000,class,attn.wo,3145728,1042180,1061075,1042473,0.331300100,0.337306658,0.331393242,1.584911
moe,11000,class,attn.wq,3145728,1015723,1115354,1014651,0.322889646,0.354561488,0.322548866,1.583514
moe,11000,class,attn.wv,3145728,1050457,1044123,1051148,0.333931287,0.331917763,0.334150950,1.584956
moe,11000,class,ffn.down,50331648,16884144,16558738,16888766,0.335457802,0.328992565,0.335549633,1.584901
moe,11000,class,ffn.gate,50331648,16652492,16830570,16848586,0.330855290,0.334393382,0.334751328,1.584942
moe,11000,class,ffn.up,50331648,16798432,16738690,16794526,0.333754857,0.332567890,0.333677252,1.584961
moe,11000,pooled,ALL,163577856,54460499,54460017,54657340,0.332933200,0.332930253,0.334136547,1.584960
moe,12000,class,attn.wk,3145728,1016132,1112311,1017285,0.323019663,0.353594144,0.323386192,1.583643
moe,12000,class,attn.wo,3145728,1041844,1061323,1042561,0.331193288,0.337385496,0.331421216,1.584909
moe,12000,class,attn.wq,3145728,1015157,1116025,1014546,0.322709719,0.354774793,0.322515488,1.583485
moe,12000,class,attn.wv,3145728,1050167,1044426,1051135,0.333839099,0.332014084,0.334146818,1.584957
moe,12000,class,ffn.down,50331648,16878272,16572940,16880436,0.335341136,0.329274734,0.335384130,1.584909
moe,12000,class,ffn.gate,50331648,16646610,16844129,16840909,0.330738425,0.334662775,0.334598800,1.584941
moe,12000,class,ffn.up,50331648,16795916,16745735,16789997,0.333704869,0.332707862,0.333587269,1.584961
moe,12000,pooled,ALL,163577856,54444098,54496889,54636869,0.332832936,0.333155663,0.334011402,1.584961
moe,13000,class,attn.wk,3145728,1016204,1112509,1017015,0.323042552,0.353657087,0.323300362,1.583635
moe,13000,class,attn.wo,3145728,1041125,1061852,1042751,0.330964724,0.337553660,0.331481616,1.584905
moe,13000,class,attn.wq,3145728,1015811,1116244,1013673,0.322917620,0.354844411,0.322237968,1.583475
moe,13000,class,attn.wv,3145728,1049770,1045155,1050803,0.333712896,0.332245827,0.334041278,1.584959
moe,13000,class,ffn.down,50331648,16875552,16576885,16879211,0.335287094,0.329353114,0.335359792,1.584911
moe,13000,class,ffn.gate,50331648,16645099,16850235,16836314,0.330708404,0.334784091,0.334507505,1.584940
moe,13000,class,ffn.up,50331648,16796255,16744941,16790452,0.333711604,0.332692087,0.333596309,1.584961
moe,13000,pooled,ALL,163577856,54439816,54507821,54630219,0.332806758,0.333222493,0.333970748,1.584961
moe,14000,class,attn.wk,3145728,1016616,1111964,1017148,0.323173523,0.353483836,0.323342641,1.583657
moe,14000,class,attn.wo,3145728,1041338,1062133,1042257,0.331032435,0.337642988,0.331324577,1.584902
moe,14000,class,attn.wq,3145728,1016394,1114927,1014407,0.323102951,0.354425748,0.322471301,1.583532
moe,14000,class,attn.wv,3145728,1049801,1045001,1050926,0.333722750,0.332196871,0.334080378,1.584958
moe,14000,class,ffn.down,50331648,16874216,16579488,16877944,0.335260550,0.329404831,0.335334619,1.584912
moe,14000,class,ffn.gate,50331648,16644805,16848752,16838091,0.330702563,0.334754626,0.334542811,1.584940
moe,14000,class,ffn.up,50331648,16799022,16740838,16791788,0.333766580,0.332610567,0.333622853,1.584961
moe,14000,pooled,ALL,163577856,54442192,54503103,54632561,0.332821284,0.333193651,0.333985066,1.584961
moe,15000,class,attn.wk,3145728,1017295,1110724,1017709,0.323389371,0.353089650,0.323520978,1.583707
moe,15000,class,attn.wo,3145728,1041460,1061741,1042527,0.331071218,0.337518374,0.331410408,1.584906
moe,15000,class,attn.wq,3145728,1015909,1114909,1014910,0.322948774,0.354420026,0.322631200,1.583534
moe,15000,class,attn.wv,3145728,1049412,1045161,1051155,0.333599091,0.332247734,0.334153175,1.584958
moe,15000,class,ffn.down,50331648,16873939,16580508,16877201,0.335255047,0.329425097,0.335319857,1.584913
moe,15000,class,ffn.gate,50331648,16649674,16841425,16840549,0.330799301,0.334609052,0.334591647,1.584942
moe,15000,class,ffn.up,50331648,16804214,16728486,16798948,0.333869735,0.332365155,0.333765109,1.584959
moe,15000,pooled,ALL,163577856,54451903,54482954,54642999,0.332880650,0.333070474,0.334048876,1.584961
moe,15259,class,attn.wk,3145728,1017737,1110290,1017701,0.323529879,0.352951686,0.323518435,1.583725
moe,15259,class,attn.wo,3145728,1040717,1062338,1042673,0.330835025,0.337708155,0.331456820,1.584900
moe,15259,class,attn.wq,3145728,1016179,1114465,1015084,0.323034604,0.354278882,0.322686513,1.583552
moe,15259,class,attn.wv,3145728,1048932,1046079,1050717,0.333446503,0.332539558,0.334013939,1.584960
moe,15259,class,ffn.down,50331648,16874159,16579612,16877877,0.335259418,0.329407295,0.335333288,1.584912
moe,15259,class,ffn.gate,50331648,16650542,16840805,16840301,0.330816547,0.334596733,0.334586720,1.584942
moe,15259,class,ffn.up,50331648,16804170,16728970,16798508,0.333868861,0.332374771,0.333756367,1.584960
moe,15259,pooled,ALL,163577856,54452436,54482559,54642861,0.332883908,0.333068059,0.334048033,1.584961
